2qh1i, AskReddit
2qzb6, IAmA
2qqjc, todayilearned
2r0ij, announcements
2qh0u, pics
mouw, science
2qh33, funny
2qh3v, bestof
2qh13, worldnews
2qh49, blog
2qh03, gaming
2qh16, technology
2qh61, WTF
2qh1e, videos
2u18n, BrowseMyReddit
2qh1o, aww
2qh3s, movies
2s7tt, AdviceAnimals
2s5oq, LifeProTips
2qh1u, Music
2ti4h, mildlyinteresting
2qm4e, askscience
2sokd, explainlikeimfive
2qt55, gifs
2cneq, politics
2r8tu, woahdude
2rmpy, DepthHub
2r94o, YouShouldKnow
2qhwp, Games
2vd32, wheredidthesodago
2qh2p, atheism
2r05i, Minecraft
2qh87, space
2qqlo, fffffffuuuuuuuuuuuu
2ssp3, AskHistorians
2qh4w, 4chan
2qnts, nottheonion
2r5rp, facepalm
2qyt6, TrueReddit
2tecy, photoshopbattles
2sgno, subredditoftheday
2qmeb, pokemon
2qh72, Jokes
2sbq3, EarthPorn
2qh4i, books
2tk95, dataisbeautiful
2qh3l, news
2qi1v, freebies
2snxj, CrazyIdeas
2qj5n, lifehacks
2to41, tifu
2s7yq, ImGoingToHellForThis
2skqi, HistoryPorn
2t5iz, explainlikeIAmA
2qh7x, newreddits
2sey6, findareddit
2sw5r, firstworldanarchists
2qpol, circlejerk
2s9jc, spaceporn
2sxwp, casualiama
2qh7d, DIY
2sh6t, AbandonedPorn
2r4oc, tipofmytongue
2ss5b, SubredditDrama
2ul7u, InternetIsBeautiful
2sfg5, talesfromtechsupport
2spqb, QuotesPorn
2qh11, offbeat
2qjvi, tldr
2sv7q, nocontext
2qxzy, listentothis
2r5vt, DoesAnybodyElse
2sge2, shutupandtakemymoney
2tncl, KarmaConspiracy
2rtff, TheoryOfReddit
2sw51, shittyaskscience
2ro4m, modnews
2qhbe, Frugal
2qh2n, writing
2va9w, cringepics
2qh96, self
2u28p, MURICA
2rete, Foodforthought
2rmfx, GetMotivated
2qh3p, sex
2fwo, programming
2r6rj, cringe
2qhw4, wallpapers
2qlqh, Android
2rm4d, nosleep
2r0f4, LucidDreaming
2rjo5, IWantToLearn
2skt0, birdswitharms
2sokh, JusticePorn
2rd9v, FoodPorn
2t7te, PerfectTiming
2qh17, geek
2qhek, doctorwho
2u8qf, LearnUselessTalents
2s30g, AskMen
